<?xml version="1.0" encoding="UTF-8"?>
<project-private xmlns="http://www.netbeans.org/ns/project-private/1">
    <editor-bookmarks xmlns="http://www.netbeans.org/ns/editor-bookmarks/2" lastBookmarkId="0"/>
    <open-files xmlns="http://www.netbeans.org/ns/projectui-open-files/2">
        <group>
            <file>file:/C:/Users/20171TINF0056/Desktop/Antonio%20POO/ProtótipoSistema/src/protótiposistema/ProtótipoSistema.java</file>
            <file>file:/C:/Users/20171TINF0056/Desktop/Antonio%20POO/ProtótipoSistema/src/protótiposistema/Pessoa.java</file>
            <file>file:/C:/Users/20171TINF0056/Desktop/Antonio%20POO/ProtótipoSistema/src/prototipoconecta/Conexao.java</file>
            <file>file:/C:/Users/20171TINF0056/Desktop/Antonio%20POO/ProtótipoSistema/src/prototiposistemainterface/NewJFrame.java</file>
            <file>file:/C:/Users/20171TINF0056/Desktop/Antonio%20POO/ProtótipoSistema/src/protótiposistema/Fisioterapeuta.java</file>
            <file>file:/C:/Users/20171TINF0056/Desktop/Antonio%20POO/ProtótipoSistema/src/protótiposistema/Paciente.java</file>
            <file>file:/C:/Users/20171TINF0056/Desktop/Antonio%20POO/ProtótipoSistema/src/protótiposistema/Consulta.java</file>
        </group>
    </open-files>
</project-private>
